<?xml version="1.0" encoding="utf-8"?>
<!--
  ~ Copyright (C) 2018 The Android Open Source Project
  ~
  ~ Licensed under the Apache License, Version 2.0 (the "License");
  ~ you may not use this file except in compliance with the License.
  ~ You may obtain a copy of the License at
  ~
  ~      http://www.apache.org/licenses/LICENSE-2.0
  ~
  ~ Unless required by applicable law or agreed to in writing, software
  ~ distributed under the License is distributed on an "AS IS" BASIS,
  ~ WITHOUT WARRANTIES OR CONDITIONS OF ANY KIND, either express or implied.
  ~ See the License for the specific language governing permissions and
  ~ limitations under the License
  -->
<permissions>
    <privapp-permissions package="com.samsung.desktopsystemui">
        <permission name="android.permission.SET_WALLPAPER_COMPONENT"/>
        <permission name="android.permission.BATTERY_STATS"/>
        <permission name="android.permission.BIND_APPWIDGET"/>
        <permission name="android.permission.BLUETOOTH_PRIVILEGED"/>
        <permission name="android.permission.CHANGE_COMPONENT_ENABLED_STATE"/>
        <permission name="android.permission.CHANGE_DEVICE_IDLE_TEMP_WHITELIST"/>
        <permission name="android.permission.CHANGE_OVERLAY_PACKAGES"/>
        <permission name="android.permission.CONTROL_KEYGUARD_SECURE_NOTIFICATIONS"/>
        <permission name="android.permission.CONTROL_REMOTE_APP_TRANSITION_ANIMATIONS"/>
        <permission name="android.permission.CONTROL_VPN"/>
        <permission name="android.permission.INTERACT_ACROSS_USERS"/>
        <permission name="android.permission.MANAGE_DEBUGGING"/>
        <permission name="android.permission.MANAGE_SENSOR_PRIVACY"/>
        <permission name="android.permission.MANAGE_MANAGE_ACTIVITY_TASKS"/>
        <permission name="android.permission.MANAGE_USB"/>
        <permission name="android.permission.MANAGE_USERS"/>
        <permission name="android.permission.MASTER_CLEAR"/>
        <permission name="android.permission.MEDIA_CONTENT_CONTROL"/>
        <permission name="android.permission.MODIFY_DAY_NIGHT_MODE"/>
        <permission name="android.permission.MODIFY_PHONE_STATE"/>
        <permission name="android.permission.MOUNT_UNMOUNT_FILESYSTEMS"/>
        <permission name="android.permission.OBSERVE_NETWORK_POLICY"/>
        <permission name="android.permission.OVERRIDE_WIFI_CONFIG"/>
        <permission name="android.permission.READ_DREAM_STATE"/>
        <permission name="android.permission.READ_FRAME_BUFFER"/>
        <permission name="android.permission.READ_PRIVILEGED_PHONE_STATE"/>
        <permission name="android.permission.REAL_GET_TASKS"/>
        <permission name="android.permission.REQUEST_NETWORK_SCORES"/>
        <permission name="android.permission.RECEIVE_MEDIA_RESOURCE_USAGE"/>
        <permission name="android.permission.START_ACTIVITIES_FROM_BACKGROUND" />
        <permission name="android.permission.START_ACTIVITY_AS_CALLER"/>
        <permission name="android.permission.START_TASKS_FROM_RECENTS"/>
        <permission name="android.permission.STATUS_BAR"/>
        <permission name="android.permission.STOP_APP_SWITCHES"/>
        <permission name="android.permission.SUBSTITUTE_NOTIFICATION_APP_NAME"/>
        <permission name="android.permission.TETHER_PRIVILEGED"/>
        <permission name="android.permission.UPDATE_APP_OPS_STATS"/>
        <permission name="android.permission.USE_RESERVED_DISK"/>
        <permission name="android.permission.WATCH_APPOPS"/>
        <permission name="android.permission.OBSERVE_GRANT_REVOKE_PERMISSIONS"/>
        <permission name="android.permission.MODIFY_AUDIO_ROUTING"/>
        <permission name="android.permission.WRITE_DREAM_STATE"/>
        <permission name="android.permission.WRITE_MEDIA_STORAGE"/>
        <permission name="android.permission.READ_WIFI_CREDENTIAL"/>
        <permission name="android.permission.WRITE_SECURE_SETTINGS"/>
        <permission name="android.permission.WRITE_EMBEDDED_SUBSCRIPTIONS"/>
        <permission name="android.permission.CONTROL_DISPLAY_COLOR_TRANSFORMS" />
        <permission name="android.permission.CAMERA_OPEN_CLOSE_LISTENER" />
        <permission name="android.permission.READ_PHONE_STATE" />
        <!-- { Added for Samsung Capture -->
        <permission name="com.samsung.android.permission.EXTRACT_SMARTCLIP_DATA"/>
        <permission name="com.samsung.permission.CAPTURE"/>
        <permission name="com.samsung.android.permission.SEM_WRITE_CAPTURED_URL"/>
        <permission name="com.samsung.android.providers.media.READ" />
        <permission name="com.samsung.android.providers.media.WRITE" />
        <!-- Added for Samsung Capture } -->
        <!-- { LsRune.SECURITY_LIFT_TO_WAKEUP -->
        <permission name="com.samsung.permission.SSENSOR"/>
        <!-- } LsRune.SECURITY_LIFT_TO_WAKEUP -->
       
        <!-- { PowerUiRune.COOLDOWN_AND_SAFE_MODE -->
        <permission name="com.samsung.android.permission.SSRM_NOTIFICATION_PERMISSION" />
        <!-- } PowerUiRune.COOLDOWN_AND_SAFE_MODE -->
        <!-- { PowerUiRune.LOW_BATTERY_DUMP -->
        <permission name="com.sec.android.app.servicemodeapp.permission.KEYSTRING" />
        <!-- } PowerUiRune.LOW_BATTERY_DUMP -->

        <!-- { LsRune.SECURITY_FINGERPRINT -->
        <permission name="android.permission.MANAGE_FINGERPRINT"/>
        <!-- } LsRune.SECURITY_FINGERPRINT -->
        <!-- { LsRune.SECURITY_FACE -->
        <permission name="com.samsung.android.bio.face.permission.MANAGE_FACE"/>
        <permission name="com.samsung.android.bio.face.permission.USE_FACE"/>
        <!-- } LsRune.SECURITY_FACE -->
 	
	    <!-- { Added for Samsung PopupUI -->
        <permission name="com.samsung.android.permission.MULTI_WINDOW_MONITOR"/>
        <!-- } Added for Samsung PopupUI -->
        <!-- { Rune.SYSUI_IMS_MANAGER -->
        <permission name="com.sec.imsservice.PERMISSION"/>
        <permission name="com.sec.imsservice.READ_IMS_PERMISSION"/>
        <permission name="com.sec.imsservice.WRITE_IMS_PERMISSION"/>
        <!-- } Rune.SYSUI_IMS_MANAGER -->

		<!-- { Added for KnoxGuard -->
        <permission name="com.samsung.android.knoxguard.STATUS"/>
        <!-- } Added for KnoxGuard -->

        <!-- { QpRune.STATUS_NETWORK_DATA -->
        <permission name="android.permission.READ_PRECISE_PHONE_STATE"/>
        <!-- } QpRune.STATUS_NETWORK_DATA -->
        <!-- { Rune.SYSUI_BIXBY -->
        <permission name="com.android.quickstep.tasklock.READ"/>
        <permission name="com.android.quickstep.tasklock.WRITE"/>
        <!-- } Rune.SYSUI_BIXBY -->
        <!-- { FLIPFONT_SEP -->
        <permission name="android.permission.CHANGE_CONFIGURATION" />        
        <!-- FLIPFONT_SEP } -->
        <!-- { QpRune.PANEL_CARRIERINFO_DATAUSAGE -->
        <permission name="com.samsung.permission.dc.INVOKE_DC_METHOD" />
        <!-- } QpRune.PANEL_CARRIERINFO_DATAUSAGE -->
        <!-- { Rune.KEYGUARD_SUPPORT_BR_STATE -->
        <permission name="com.samsung.android.desktopmode.permission.KEYGUARD_STATE_UPDATE"/>
        <permission name="android.permission.GET_ACCOUNTS_PRIVILEGED"/>
        <!-- } Rune.KEYGUARD_SUPPORT_BR_STATE -->
        <!-- { Taskbar MultiWindowManager.updateTaskPositionInTaskBar() -->
        <permission name="android.permission.MANAGE_ACTIVITY_STACKS" />
        <!-- } Taskbar MultiWindowManager.updateTaskPositionInTaskBar() -->
        <!-- { Taskbar use blur  -->
        <permission name="android.permission.USE_BACKGROUND_BLUR" />
        <!-- } Taskbar use blur -->
        
        <!-- { LsRune.SECURITY_REMOTE_LOCKSCREEN -->
        <permission name="com.samsung.android.permission.LOCK_SECURITY_MONITOR" />
        <!-- } LsRune.SECURITY_REMOTE_LOCKSCREEN -->
    </privapp-permissions>
</permissions>
