<?xml version="1.0" encoding="utf-8"?>
<!--
  ~ Copyright (C) 2016 The Android Open Source Project
  ~
  ~ Licensed under the Apache License, Version 2.0 (the "License");
  ~ you may not use this file except in compliance with the License.
  ~ You may obtain a copy of the License at
  ~
  ~      http://www.apache.org/licenses/LICENSE-2.0
  ~
  ~ Unless required by applicable law or agreed to in writing, software
  ~ distributed under the License is distributed on an "AS IS" BASIS,
  ~ WITHOUT WARRANTIES OR CONDITIONS OF ANY KIND, either express or implied.
  ~ See the License for the specific language governing permissions and
  ~ limitations under the License
  -->

<!--
This XML file declares which signature|privileged permissions should be granted to privileged
applications that come with the platform
-->
<permissions>
    <privapp-permissions package="com.sec.android.app.desktoplauncher">
        <permission name="android.permission.BIND_APPWIDGET"/>
        <permission name="android.permission.BIND_WALLPAPER"/>
        <permission name="android.permission.CALL_PRIVILEGED"/>
        <permission name="android.permission.INTERACT_ACROSS_USERS"/>
        <permission name="android.permission.READ_SEARCH_INDEXABLES"/>
        <permission name="android.permission.SET_WALLPAPER_COMPONENT"/>
        <permission name="android.permission.SUBSTITUTE_SHARE_TARGET_APP_NAME_AND_ICON"/>
        <permission name="android.permission.DELETE_PACKAGES"/>
        <permission name="android.permission.GET_ACCOUNTS_PRIVILEGED"/>
        <permission name="com.samsung.android.permission.SSRM_NOTIFICATION_PERMISSION"/>
        <permission name="com.samsung.android.permission.SEM_UPDATE_NOTIFICATION_CHANNELS"/>
    </privapp-permissions>
</permissions>
