<?xml version="1.0" encoding="utf-8"?>
<!--
  ~ Copyright (C) 2016 The Android Open Source Project
  ~
  ~ Licensed under the Apache License, Version 2.0 (the "License");
  ~ you may not use this file except in compliance with the License.
  ~ You may obtain a copy of the License at
  ~
  ~      http://www.apache.org/licenses/LICENSE-2.0
  ~
  ~ Unless required by applicable law or agreed to in writing, software
  ~ distributed under the License is distributed on an "AS IS" BASIS,
  ~ WITHOUT WARRANTIES OR CONDITIONS OF ANY KIND, either express or implied.
  ~ See the License for the specific language governing permissions and
  ~ limitations under the License
  -->

<!--
This XML file declares which signature|privileged permissions should be granted to privileged
applications that come with the platform
-->
<permissions>
    <privapp-permissions package="com.samsung.android.service.aircommand">
        <permission name="android.permission.REAL_GET_TASKS"/>
        <permission name="android.permission.INTERACT_ACROSS_USERS_FULL"/>
        <permission name="android.permission.MANAGE_USERS"/>
        <permission name="android.permission.STOP_APP_SWITCHES"/>
        <permission name="android.permission.READ_PRIVILEGED_PHONE_STATE"/>
        <permission name="android.permission.WRITE_SETTINGS"/>
        <permission name="android.permission.SET_PROCESS_LIMIT"/>
        <permission name="android.permission.UPDATE_DEVICE_STATS"/>
        <permission name="com.samsung.android.knox.permission.KNOX_CUSTOM_SETTING"/>

        <permission name="android.permission.BLUETOOTH_PRIVILEGED"/>
        <permission name="android.permission.MEDIA_CONTENT_CONTROL"/>
        <permission name="android.permission.PACKAGE_USAGE_STATS"/>
        <permission name="android.permission.PROVIDE_TRUST_AGENT"/>
        <permission name="android.permission.STATUS_BAR"/>
        <permission name="android.permission.SUBSTITUTE_NOTIFICATION_APP_NAME"/>
        <permission name="android.permission.UPDATE_APP_OPS_STATS"/>
        <permission name="com.samsung.android.permission.EXTRACT_SMARTCLIP_DATA"/>
        <permission name="android.permission.USER_ACTIVITY"/>
        <permission name="com.samsung.permission.HQM_NOTIFICATION_PERMISSION"/>
        <permission name="android.permission.WRITE_SECURE_SETTINGS"/>
        <permission name="android.permission.READ_SEARCH_INDEXABLES"/>
        <permission name="android.permission.READ_FRAME_BUFFER"/>

        <permission name="android.permission.START_ACTIVITIES_FROM_BACKGROUND" />

        <permission name="com.samsung.android.permission.SEM_BATTERY_INFO" />
        <permission name="com.samsung.android.permission.SEM_BATTERY_INFO_PROVIDER" />
        <permission name="android.permission.SCHEDULE_EXACT_ALARM" />
        <permission name="android.permission.INTERACT_ACROSS_USERS" />
        <permission name="android.permission.CONTROL_KEYGUARD" /> 
        <permission name="android.permission.BROADCAST_CLOSE_SYSTEM_DIALOGS" />
    </privapp-permissions>
</permissions>

