<?xml version="1.0" encoding="utf-8"?>
<!--
  ~ Copyright (C) 2016 The Android Open Source Project
  ~
  ~ Licensed under the Apache License, Version 2.0 (the "License");
  ~ you may not use this file except in compliance with the License.
  ~ You may obtain a copy of the License at
  ~
  ~      http://www.apache.org/licenses/LICENSE-2.0
  ~
  ~ Unless required by applicable law or agreed to in writing, software
  ~ distributed under the License is distributed on an "AS IS" BASIS,
  ~ WITHOUT WARRANTIES OR CONDITIONS OF ANY KIND, either express or implied.
  ~ See the License for the specific language governing permissions and
  ~ limitations under the License
  -->

<!--
  This XML file declares which signature|privileged permissions should be granted to privileged
  applications that come with the platform
  -->
<permissions>
    <privapp-permissions package="com.samsung.android.ardrawing">
       <permission name="android.permission.MANAGE_USERS"/>
       <permission name="android.permission.READ_PRIVILEGED_PHONE_STATE"/>
       <permission name="android.permission.STATUS_BAR"/>
       <permission name="android.permission.UPDATE_APP_OPS_STATS"/>
       <permission name="android.permission.WRITE_MEDIA_STORAGE"/>
       <permission name="com.samsung.android.permission.SSRM_NOTIFICATION_PERMISSION"/>
       <permission name="com.samsung.permission.SSENSOR"/>
</privapp-permissions>
</permissions>