<?xml version="1.0" encoding="UTF-8"?>
<permissions>
    <privapp-permissions package="com.samsung.android.themestore">
        <permission name="android.permission.CHANGE_COMPONENT_ENABLED_STATE"/>
        <permission name="android.permission.DELETE_PACKAGES"/>
        <permission name="android.permission.GET_ACCOUNTS_PRIVILEGED"/>
        <permission name="android.permission.INSTALL_PACKAGES"/>
        <permission name="android.permission.INTERACT_ACROSS_USERS"/>
        <permission name="android.permission.MANAGE_USERS"/>
        <permission name="android.permission.READ_PRIVILEGED_PHONE_STATE"/>
        <permission name="android.permission.SET_PROCESS_LIMIT"/>
        <permission name="android.permission.WRITE_APN_SETTINGS"/>
        <permission name="com.samsung.android.permission.MODIFY_THEME"/>
        <permission name="android.permission.READ_SEARCH_INDEXABLES"/>
        <permission name="android.permission.START_FOREGROUND_SERVICES_FROM_BACKGROUND"/>
        <permission name="com.samsung.android.samsungaccount.permission.PROFILE_PROVIDER"/>
    </privapp-permissions>
</permissions>
