<permissions>
    <privapp-permissions package="com.sec.android.app.firewall">
        <permission name="android.permission.CHANGE_CONFIGURATION"/>
        <permission name="android.permission.WRITE_SECURE_SETTINGS"/>
        <permission name="android.permission.REAL_GET_TASKS"/>
        <permission name="android.permission.UPDATE_APP_OPS_STATS"/>
        <permission name="android.permission.READ_PRIVILEGED_PHONE_STATE"/>
        <permission name="android.permission.INTERACT_ACROSS_USERS"/>
        <permission name="com.android.voicemail.permission.WRITE_VOICEMAIL"/>
        <permission name="android.permission.SCHEDULE_EXACT_ALARM"/>
    </privapp-permissions>
</permissions>